{
    "best_val_accuracy": 0.9780874252319336,
    "best_val_loss": 0.16932836547493935,
    "loss": -0.9780874252319336,
    "model_name": "model_0.98_id_1facc",
    "real_loss": 0.1693283488027385,
    "space": {
        "activation": "relu",
        "arch_type": "normal",
        "batch_size": 150.0,
        "conv_dropout_drop_proba": 0.00046646512911166504,
        "conv_hiddn_units_mult": 0.6457807115762069,
        "conv_kernel_size": 3.0,
        "conv_pool_res_start_idx": 0.0,
        "epochs": 30.0,
        "fc_dropout_drop_proba": 0.407145406683122,
        "fc_layer": 1.1359348089362888,
        "l2_weight_reg_mult": 0.45390938512801626,
        "lr_rate_mult": 1.0754552772477173,
        "lstm_dropout_drop_proba": 0.388885330412219,
        "lstm_layer": null,
        "nb_conv_pool_layers": 2.0,
        "no_stack_vgg": 2,
        "one_more_fc_layer": false,
        "one_more_lstm_layer": false,
        "optimizer": "RMSprop",
        "pool_size": 2,
        "res_conv_kernel_size": 3.0,
        "residual": null,
        "use_BN": false
    },
    "status": "ok"
}