{
    "best_val_accuracy": 0.9218102693557739,
    "best_val_loss": 0.36091457455212833,
    "loss": -0.9218102693557739,
    "model_name": "model_0.92_id_6f6bf",
    "real_loss": 0.39956513069968186,
    "space": {
        "activation": "relu",
        "arch_type": "vgg",
        "batch_size": 140.0,
        "conv_dropout_drop_proba": 0.044480211123832394,
        "conv_hiddn_units_mult": 1.6900024205500983,
        "conv_kernel_size": 3.0,
        "conv_pool_res_start_idx": 0.0,
        "epochs": 30.0,
        "fc_dropout_drop_proba": 0.574167415336495,
        "fc_layer": null,
        "l2_weight_reg_mult": 0.6964086812782647,
        "lr_rate_mult": 1.1528962571709054,
        "lstm_dropout_drop_proba": 0.29352649660461283,
        "lstm_layer": 1.9671584685041879,
        "nb_conv_pool_layers": 3.0,
        "no_stack_vgg": 2,
        "one_more_fc_layer": true,
        "one_more_lstm_layer": false,
        "optimizer": "RMSprop",
        "pool_size": 4,
        "res_conv_kernel_size": 3.0,
        "residual": 2.0,
        "use_BN": false
    },
    "status": "ok"
}