{
    "best_val_accuracy": 0.9705044031143188,
    "best_val_loss": 0.2573383212612386,
    "loss": -0.9705044031143188,
    "model_name": "model_0.97_id_13675",
    "real_loss": 0.269901408307385,
    "space": {
        "activation": "relu",
        "arch_type": "normal",
        "batch_size": 160.0,
        "conv_dropout_drop_proba": 0.00038348305929730134,
        "conv_hiddn_units_mult": 0.8890632690216823,
        "conv_kernel_size": 3.0,
        "conv_pool_res_start_idx": 0.0,
        "epochs": 30.0,
        "fc_dropout_drop_proba": 0.5092177486661853,
        "fc_layer": 1.0130855305394002,
        "l2_weight_reg_mult": 0.2857350573536715,
        "lr_rate_mult": 1.1977128618260133,
        "lstm_dropout_drop_proba": 0.43535109997224175,
        "lstm_layer": null,
        "nb_conv_pool_layers": 2.0,
        "no_stack_vgg": 4,
        "one_more_fc_layer": false,
        "one_more_lstm_layer": false,
        "optimizer": "Nadam",
        "pool_size": 2,
        "res_conv_kernel_size": 3.0,
        "residual": null,
        "use_BN": false
    },
    "status": "ok"
}