{
    "best_val_accuracy": 0.9393246173858643,
    "best_val_loss": 0.2666458648209478,
    "loss": -0.9393246173858643,
    "model_name": "model_0.94_id_81c6b",
    "real_loss": 0.27155910719648685,
    "space": {
        "activation": "relu",
        "arch_type": "vgg",
        "batch_size": 120.0,
        "conv_dropout_drop_proba": 0.12241294294427771,
        "conv_hiddn_units_mult": 0.8620152556272517,
        "conv_kernel_size": 3.0,
        "conv_pool_res_start_idx": 0.0,
        "epochs": 60.0,
        "fc_dropout_drop_proba": 0.2754844295457334,
        "fc_layer": null,
        "l2_weight_reg_mult": 0.6096832824680982,
        "lr_rate_mult": 1.0327825667039934,
        "lstm_dropout_drop_proba": 0.19718578881602067,
        "lstm_layer": 0.5749869520447722,
        "nb_conv_pool_layers": 3.0,
        "no_stack_vgg": 2,
        "one_more_fc_layer": false,
        "one_more_lstm_layer": false,
        "optimizer": "RMSprop",
        "pool_size": 2,
        "res_conv_kernel_size": 3.0,
        "residual": 3.0,
        "use_BN": false
    },
    "status": "ok"
}