{
    "best_val_accuracy": 0.9431917071342468,
    "best_val_loss": 0.3715986587383129,
    "loss": -0.9431917071342468,
    "model_name": "model_0.94_id_c3ff3",
    "real_loss": 0.37814479293646636,
    "space": {
        "activation": "relu",
        "arch_type": "vgg",
        "batch_size": 170.0,
        "conv_dropout_drop_proba": 0.0061378095770735575,
        "conv_hiddn_units_mult": 1.8154545877765895,
        "conv_kernel_size": 3.0,
        "conv_pool_res_start_idx": 0.0,
        "epochs": 10.0,
        "fc_dropout_drop_proba": 0.3797296877645422,
        "fc_layer": 0.9359220507506217,
        "l2_weight_reg_mult": 0.28577595358296204,
        "lr_rate_mult": 1.1798371587606753,
        "lstm_dropout_drop_proba": 0.4574323057739793,
        "lstm_layer": null,
        "nb_conv_pool_layers": 2.0,
        "no_stack_vgg": 4,
        "one_more_fc_layer": false,
        "one_more_lstm_layer": false,
        "optimizer": "Nadam",
        "pool_size": 2,
        "res_conv_kernel_size": 3.0,
        "residual": null,
        "use_BN": false
    },
    "status": "ok"
}