{
    "best_val_accuracy": 0.9662847518920898,
    "best_val_loss": 0.2660809461529373,
    "loss": -0.9662847518920898,
    "model_name": "model_0.97_id_7ccf2",
    "real_loss": 0.2660809446733894,
    "space": {
        "activation": "relu",
        "arch_type": "normal",
        "batch_size": 130.0,
        "conv_dropout_drop_proba": 0.10964985237695708,
        "conv_hiddn_units_mult": 0.9574584293759656,
        "conv_kernel_size": 3.0,
        "conv_pool_res_start_idx": 0.0,
        "epochs": 40.0,
        "fc_dropout_drop_proba": 0.14427365285688734,
        "fc_layer": 0.7247259651793128,
        "l2_weight_reg_mult": 2.1967132543509877,
        "lr_rate_mult": 1.3342264583133034,
        "lstm_dropout_drop_proba": 0.28068023694810046,
        "lstm_layer": null,
        "nb_conv_pool_layers": 4.0,
        "no_stack_vgg": 4,
        "one_more_fc_layer": false,
        "one_more_lstm_layer": false,
        "optimizer": "Nadam",
        "pool_size": 2,
        "res_conv_kernel_size": 3.0,
        "residual": null,
        "use_BN": false
    },
    "status": "ok"
}