{
    "best_val_accuracy": 0.9498366117477417,
    "best_val_loss": 0.3491799417469237,
    "loss": -0.9498366117477417,
    "model_name": "model_0.95_id_acfa9",
    "real_loss": 0.36583523479876695,
    "space": {
        "activation": "relu",
        "arch_type": "normal",
        "batch_size": 170.0,
        "conv_dropout_drop_proba": 0.0937871261455599,
        "conv_hiddn_units_mult": 1.0225641633619986,
        "conv_kernel_size": 3.0,
        "conv_pool_res_start_idx": 0.0,
        "epochs": 30.0,
        "fc_dropout_drop_proba": 0.46156952814118,
        "fc_layer": 1.1691719395258175,
        "l2_weight_reg_mult": 1.0344507155126887,
        "lr_rate_mult": 1.515339984922744,
        "lstm_dropout_drop_proba": 0.49522642572029285,
        "lstm_layer": null,
        "nb_conv_pool_layers": 2.0,
        "no_stack_vgg": 3,
        "one_more_fc_layer": false,
        "one_more_lstm_layer": false,
        "optimizer": "Nadam",
        "pool_size": 2,
        "res_conv_kernel_size": 3.0,
        "residual": null,
        "use_BN": false
    },
    "status": "ok"
}