{
    "best_val_accuracy": 0.9398360848426819,
    "best_val_loss": 0.380654828958824,
    "loss": -0.9398360848426819,
    "model_name": "model_0.94_id_ea15f",
    "real_loss": 0.3804531077869603,
    "space": {
        "activation": "relu",
        "arch_type": "vgg",
        "batch_size": 150.0,
        "conv_dropout_drop_proba": 0.13477723067720035,
        "conv_hiddn_units_mult": 0.9025492013278267,
        "conv_kernel_size": 3.0,
        "conv_pool_res_start_idx": 0.0,
        "epochs": 20.0,
        "fc_dropout_drop_proba": 0.5344294785507467,
        "fc_layer": 0.906339487943861,
        "l2_weight_reg_mult": 0.6451560876369596,
        "lr_rate_mult": 1.0925158215811583,
        "lstm_dropout_drop_proba": 0.2340333384729771,
        "lstm_layer": null,
        "nb_conv_pool_layers": 2.0,
        "no_stack_vgg": 4,
        "one_more_fc_layer": false,
        "one_more_lstm_layer": true,
        "optimizer": "Nadam",
        "pool_size": 2,
        "res_conv_kernel_size": 3.0,
        "residual": 4.0,
        "use_BN": false
    },
    "status": "ok"
}