{
    "best_val_accuracy": 0.9663925170898438,
    "best_val_loss": 0.2605292770946235,
    "loss": -0.9663925170898438,
    "model_name": "model_0.97_id_45b7a",
    "real_loss": 0.2605496366557322,
    "space": {
        "activation": "relu",
        "arch_type": "normal",
        "batch_size": 160.0,
        "conv_dropout_drop_proba": 0.06825937855827409,
        "conv_hiddn_units_mult": 0.7161001391626909,
        "conv_kernel_size": 3.0,
        "conv_pool_res_start_idx": 1.0,
        "epochs": 20.0,
        "fc_dropout_drop_proba": 0.49301827843185536,
        "fc_layer": 1.3970724174805114,
        "l2_weight_reg_mult": 0.28252982695072465,
        "lr_rate_mult": 1.1907270011124595,
        "lstm_dropout_drop_proba": 0.4466735202022711,
        "lstm_layer": null,
        "nb_conv_pool_layers": 2.0,
        "no_stack_vgg": 4,
        "one_more_fc_layer": false,
        "one_more_lstm_layer": true,
        "optimizer": "Nadam",
        "pool_size": 2,
        "res_conv_kernel_size": 3.0,
        "residual": null,
        "use_BN": false
    },
    "status": "ok"
}