{
    "best_val_accuracy": 0.9734649062156677,
    "best_val_loss": 0.1755940322682523,
    "loss": -0.9734649062156677,
    "model_name": "model_0.97_id_4fff0",
    "real_loss": 0.1755940237066202,
    "space": {
        "activation": "relu",
        "arch_type": "normal",
        "batch_size": 160.0,
        "conv_dropout_drop_proba": 0.07202029217913047,
        "conv_hiddn_units_mult": 1.0360086205250347,
        "conv_kernel_size": 3.0,
        "conv_pool_res_start_idx": 0.0,
        "epochs": 40.0,
        "fc_dropout_drop_proba": 0.2437986527463194,
        "fc_layer": 0.8951843700682113,
        "l2_weight_reg_mult": 1.0830567754977574,
        "lr_rate_mult": 1.3676886888714348,
        "lstm_dropout_drop_proba": 0.38562995280816625,
        "lstm_layer": null,
        "nb_conv_pool_layers": 2.0,
        "no_stack_vgg": 4,
        "one_more_fc_layer": false,
        "one_more_lstm_layer": false,
        "optimizer": "Nadam",
        "pool_size": 2,
        "res_conv_kernel_size": 3.0,
        "residual": null,
        "use_BN": false
    },
    "status": "ok"
}