{
    "best_val_accuracy": 0.9667755961418152,
    "best_val_loss": 0.25243275203541216,
    "loss": -0.9667755961418152,
    "model_name": "model_0.97_id_c5391",
    "real_loss": 0.25263264702231275,
    "space": {
        "activation": "relu",
        "arch_type": "normal",
        "batch_size": 180.0,
        "conv_dropout_drop_proba": 0.0004421815386375233,
        "conv_hiddn_units_mult": 0.9026223401310516,
        "conv_kernel_size": 3.0,
        "conv_pool_res_start_idx": 0.0,
        "epochs": 30.0,
        "fc_dropout_drop_proba": 0.12950494226763742,
        "fc_layer": 1.026062298884684,
        "l2_weight_reg_mult": 0.5314090107012196,
        "lr_rate_mult": 1.3628212754761453,
        "lstm_dropout_drop_proba": 0.39566130324207044,
        "lstm_layer": null,
        "nb_conv_pool_layers": 2.0,
        "no_stack_vgg": 4,
        "one_more_fc_layer": false,
        "one_more_lstm_layer": false,
        "optimizer": "Nadam",
        "pool_size": 2,
        "res_conv_kernel_size": 3.0,
        "residual": null,
        "use_BN": false
    },
    "status": "ok"
}