{
    "best_val_accuracy": 0.9611656069755554,
    "best_val_loss": 0.2581736300067574,
    "loss": -0.9611656069755554,
    "model_name": "model_0.96_id_aae3a",
    "real_loss": 0.2587348422145142,
    "space": {
        "activation": "relu",
        "arch_type": "normal",
        "batch_size": 90.0,
        "conv_dropout_drop_proba": 0.11256329898395168,
        "conv_hiddn_units_mult": 1.2510744221318784,
        "conv_kernel_size": 3.0,
        "conv_pool_res_start_idx": 0.0,
        "epochs": 50.0,
        "fc_dropout_drop_proba": 0.17735396134420522,
        "fc_layer": 0.811016619152022,
        "l2_weight_reg_mult": 1.8792474066306974,
        "lr_rate_mult": 1.6375001958591193,
        "lstm_dropout_drop_proba": 0.2688258156347597,
        "lstm_layer": null,
        "nb_conv_pool_layers": 4.0,
        "no_stack_vgg": 4,
        "one_more_fc_layer": false,
        "one_more_lstm_layer": false,
        "optimizer": "Nadam",
        "pool_size": 2,
        "res_conv_kernel_size": 3.0,
        "residual": null,
        "use_BN": false
    },
    "status": "ok"
}