{
    "best_val_accuracy": 0.830437183380127,
    "best_val_loss": 0.5372164618284976,
    "loss": -0.830437183380127,
    "model_name": "model_0.83_id_57fee",
    "real_loss": 0.5370144304193434,
    "space": {
        "activation": "relu",
        "arch_type": "vgg",
        "batch_size": 150.0,
        "conv_dropout_drop_proba": 0.07325939992745739,
        "conv_hiddn_units_mult": 0.5921905903714849,
        "conv_kernel_size": 3.0,
        "conv_pool_res_start_idx": 2.0,
        "epochs": 20.0,
        "fc_dropout_drop_proba": 0.3043105586823709,
        "fc_layer": 1.8051610345350395,
        "l2_weight_reg_mult": 2.937510499596972,
        "lr_rate_mult": 1.2823529181135422,
        "lstm_dropout_drop_proba": 0.4111373667330293,
        "lstm_layer": 0.7395068940749884,
        "nb_conv_pool_layers": 3.0,
        "no_stack_vgg": 3,
        "one_more_fc_layer": true,
        "one_more_lstm_layer": true,
        "optimizer": "Adam",
        "pool_size": 4,
        "res_conv_kernel_size": 3.0,
        "residual": null,
        "use_BN": true
    },
    "status": "ok"
}