{
    "best_val_accuracy": 0.9586338996887207,
    "best_val_loss": 0.2600867612277224,
    "loss": -0.9586338996887207,
    "model_name": "model_0.96_id_68485",
    "real_loss": 0.2603450529073757,
    "space": {
        "activation": "relu",
        "arch_type": "normal",
        "batch_size": 100.0,
        "conv_dropout_drop_proba": 0.041201546287450444,
        "conv_hiddn_units_mult": 1.5543531247306541,
        "conv_kernel_size": 3.0,
        "conv_pool_res_start_idx": 0.0,
        "epochs": 50.0,
        "fc_dropout_drop_proba": 0.029864145974117795,
        "fc_layer": null,
        "l2_weight_reg_mult": 2.1068492035553326,
        "lr_rate_mult": 0.8387898287149835,
        "lstm_dropout_drop_proba": 0.16920665455786343,
        "lstm_layer": null,
        "nb_conv_pool_layers": 3.0,
        "no_stack_vgg": 3,
        "one_more_fc_layer": true,
        "one_more_lstm_layer": false,
        "optimizer": "RMSprop",
        "pool_size": 2,
        "res_conv_kernel_size": 3.0,
        "residual": null,
        "use_BN": false
    },
    "status": "ok"
}