{
    "best_val_accuracy": 0.9607298374176025,
    "best_val_loss": 0.3081936388233908,
    "loss": -0.9607298374176025,
    "model_name": "model_0.96_id_640dc",
    "real_loss": 0.3081936400895025,
    "space": {
        "activation": "relu",
        "arch_type": "normal",
        "batch_size": 120.0,
        "conv_dropout_drop_proba": 0.08086781894201579,
        "conv_hiddn_units_mult": 0.6961285061945176,
        "conv_kernel_size": 3.0,
        "conv_pool_res_start_idx": 1.0,
        "epochs": 50.0,
        "fc_dropout_drop_proba": 0.1506889386951514,
        "fc_layer": 1.0409371322488612,
        "l2_weight_reg_mult": 3.649186019822307,
        "lr_rate_mult": 1.4247877506823476,
        "lstm_dropout_drop_proba": 0.4387619073013999,
        "lstm_layer": null,
        "nb_conv_pool_layers": 4.0,
        "no_stack_vgg": 4,
        "one_more_fc_layer": false,
        "one_more_lstm_layer": false,
        "optimizer": "Nadam",
        "pool_size": 2,
        "res_conv_kernel_size": 3.0,
        "residual": null,
        "use_BN": false
    },
    "status": "ok"
}