{
    "best_val_accuracy": 0.91590416431427,
    "best_val_loss": 0.3577197890947847,
    "loss": -0.91590416431427,
    "model_name": "model_0.92_id_bda59",
    "real_loss": 0.3612080460377768,
    "space": {
        "activation": "relu",
        "arch_type": "vgg",
        "batch_size": 180.0,
        "conv_dropout_drop_proba": 0.019276108628191266,
        "conv_hiddn_units_mult": 1.1700994144365608,
        "conv_kernel_size": 3.0,
        "conv_pool_res_start_idx": 0.0,
        "epochs": 20.0,
        "fc_dropout_drop_proba": 0.34402626723629415,
        "fc_layer": 0.8829767669855872,
        "l2_weight_reg_mult": 0.33737487829291163,
        "lr_rate_mult": 1.222705641229911,
        "lstm_dropout_drop_proba": 0.42804089225044273,
        "lstm_layer": null,
        "nb_conv_pool_layers": 2.0,
        "no_stack_vgg": 4,
        "one_more_fc_layer": true,
        "one_more_lstm_layer": false,
        "optimizer": "Nadam",
        "pool_size": 4,
        "res_conv_kernel_size": 3.0,
        "residual": null,
        "use_BN": false
    },
    "status": "ok"
}