{
    "best_val_accuracy": 0.9649237394332886,
    "best_val_loss": 0.25470010950869204,
    "loss": -0.9649237394332886,
    "model_name": "model_0.96_id_6fec7",
    "real_loss": 0.254689076805816,
    "space": {
        "activation": "relu",
        "arch_type": "normal",
        "batch_size": 180.0,
        "conv_dropout_drop_proba": 0.1867609646755266,
        "conv_hiddn_units_mult": 0.9508419133569755,
        "conv_kernel_size": 3.0,
        "conv_pool_res_start_idx": 0.0,
        "epochs": 40.0,
        "fc_dropout_drop_proba": 0.22403410179849098,
        "fc_layer": 0.5521409209022795,
        "l2_weight_reg_mult": 1.5886256138802133,
        "lr_rate_mult": 1.1080715750147827,
        "lstm_dropout_drop_proba": 0.37227917246298436,
        "lstm_layer": null,
        "nb_conv_pool_layers": 4.0,
        "no_stack_vgg": 4,
        "one_more_fc_layer": false,
        "one_more_lstm_layer": false,
        "optimizer": "Nadam",
        "pool_size": 2,
        "res_conv_kernel_size": 3.0,
        "residual": null,
        "use_BN": false
    },
    "status": "ok"
}