{
    "best_val_accuracy": 0.9493464231491089,
    "best_val_loss": 0.29543860870249133,
    "loss": -0.9493464231491089,
    "model_name": "model_0.95_id_dbfe0",
    "real_loss": 0.2982138991355896,
    "space": {
        "activation": "relu",
        "arch_type": "normal",
        "batch_size": 180.0,
        "conv_dropout_drop_proba": 0.019682176494805068,
        "conv_hiddn_units_mult": 0.6959431429646143,
        "conv_kernel_size": 3.0,
        "conv_pool_res_start_idx": 1.0,
        "epochs": 20.0,
        "fc_dropout_drop_proba": 0.35909957119800634,
        "fc_layer": 0.9924513851323986,
        "l2_weight_reg_mult": 0.582556303704625,
        "lr_rate_mult": 1.5646869424753496,
        "lstm_dropout_drop_proba": 0.4933835591869616,
        "lstm_layer": null,
        "nb_conv_pool_layers": 2.0,
        "no_stack_vgg": 4,
        "one_more_fc_layer": false,
        "one_more_lstm_layer": false,
        "optimizer": "Nadam",
        "pool_size": 2,
        "res_conv_kernel_size": 3.0,
        "residual": null,
        "use_BN": false
    },
    "status": "ok"
}