{
    "best_val_accuracy": 0.8322031497955322,
    "best_val_loss": 3.321261169346234,
    "loss": -0.8322031497955322,
    "model_name": "model_0.83_id_2e483",
    "real_loss": 3.321260976427384,
    "space": {
        "activation": "relu",
        "batch_size": 120.0,
        "conv_dropout_drop_proba": 0.2095852090328751,
        "conv_hiddn_units_mult": 0.75191338992731,
        "conv_kernel_size": 3.0,
        "conv_pool_res_start_idx": 2.0,
        "epochs": 80.0,
        "fc_dropout_drop_proba": 0.2808258683158017,
        "fc_units_1_mult": 0.7525617467567338,
        "first_conv": 5,
        "l2_weight_reg_mult": 2.3754688478332113,
        "lr_rate_mult": 0.6842989287487216,
        "nb_conv_pool_layers": 4,
        "one_more_fc": 1.2319000702117917,
        "optimizer": "Nadam",
        "pooling_type": "max",
        "res_conv_kernel_size": 3.0,
        "residual": 4.0,
        "use_BN": true
    },
    "status": "ok"
}