{
    "best_val_accuracy": 0.5497696995735168,
    "best_val_loss": 1.8151032341110123,
    "loss": -0.5497696995735168,
    "model_name": "model_0.55_id_5ad40",
    "real_loss": 1.829011329404124,
    "space": {
        "activation": "elu",
        "batch_size": 110.0,
        "conv_dropout_drop_proba": 0.07077941285224827,
        "conv_hiddn_units_mult": 0.6559499510699723,
        "conv_kernel_size": 3.0,
        "conv_pool_res_start_idx": 2.0,
        "epochs": 50.0,
        "fc_dropout_drop_proba": 0.14239385607420676,
        "fc_units_1_mult": 0.8113261765845333,
        "first_conv": 3,
        "l2_weight_reg_mult": 2.780425474399878,
        "lr_rate_mult": 1.230599052422648,
        "nb_conv_pool_layers": 2,
        "one_more_fc": 0.8072673567843874,
        "optimizer": "Adam",
        "pooling_type": "max",
        "res_conv_kernel_size": 3.0,
        "residual": null,
        "use_BN": false
    },
    "status": "ok"
}