{
    "best_val_accuracy": 0.8078300952911377,
    "best_val_loss": 2.165261129538218,
    "loss": -0.8078300952911377,
    "model_name": "model_0.81_id_ffb0d",
    "real_loss": 2.165261110355114,
    "space": {
        "activation": "relu",
        "batch_size": 90.0,
        "conv_dropout_drop_proba": 0.046117503548916805,
        "conv_hiddn_units_mult": 0.8807407854859246,
        "conv_kernel_size": 3.0,
        "conv_pool_res_start_idx": 0.0,
        "epochs": 50.0,
        "fc_dropout_drop_proba": 0.4410018309131989,
        "fc_units_1_mult": 1.2269251627339872,
        "first_conv": 6,
        "l2_weight_reg_mult": 2.474618103297268,
        "lr_rate_mult": 0.7680231163764804,
        "nb_conv_pool_layers": 3,
        "one_more_fc": null,
        "optimizer": "Adam",
        "pooling_type": "max",
        "res_conv_kernel_size": 3.0,
        "residual": 2.0,
        "use_BN": false
    },
    "status": "ok"
}