{
    "best_val_accuracy": 0.8316913843154907,
    "best_val_loss": 1.8715887997896616,
    "loss": -0.8316913843154907,
    "model_name": "model_0.83_id_a5711",
    "real_loss": 1.8733520944609896,
    "space": {
        "activation": "relu",
        "batch_size": 120.0,
        "conv_dropout_drop_proba": 0.2101256794035853,
        "conv_hiddn_units_mult": 1.5685120474650733,
        "conv_kernel_size": 3.0,
        "conv_pool_res_start_idx": 1.0,
        "epochs": 80.0,
        "fc_dropout_drop_proba": 0.0413072936309043,
        "fc_units_1_mult": 1.175825386265666,
        "first_conv": 7,
        "l2_weight_reg_mult": 1.1477228460424194,
        "lr_rate_mult": 0.713984942103089,
        "nb_conv_pool_layers": 4,
        "one_more_fc": 1.3762670091182831,
        "optimizer": "Nadam",
        "pooling_type": "max",
        "res_conv_kernel_size": 3.0,
        "residual": null,
        "use_BN": true
    },
    "status": "ok"
}