{
    "best_val_accuracy": 0.7126407623291016,
    "best_val_loss": 0.6680836301782856,
    "loss": -0.7126407623291016,
    "model_name": "model_0.71_id_108d4",
    "real_loss": 0.7247660412736561,
    "space": {
        "activation": "elu",
        "batch_size": 170.0,
        "conv_dropout_drop_proba": 0.23831432324636032,
        "conv_hiddn_units_mult": 0.644183782123153,
        "conv_kernel_size": 3.0,
        "conv_pool_res_start_idx": 2.0,
        "epochs": 30.0,
        "fc_dropout_drop_proba": 0.4670847898448107,
        "fc_units_1_mult": 1.2534337578789128,
        "first_conv": null,
        "l2_weight_reg_mult": 1.9925536816771436,
        "lr_rate_mult": 1.3460229179953043,
        "nb_conv_pool_layers": 2,
        "one_more_fc": null,
        "optimizer": "RMSprop",
        "pooling_type": "max",
        "res_conv_kernel_size": 3.0,
        "residual": 2.0,
        "use_BN": true
    },
    "status": "ok"
}