{
    "best_val_accuracy": 0.6953684687614441,
    "best_val_loss": 6.786684286026728,
    "loss": -0.6953684687614441,
    "model_name": "model_0.70_id_b55a2",
    "real_loss": 6.786684317815872,
    "space": {
        "activation": "relu",
        "batch_size": 150.0,
        "conv_dropout_drop_proba": 0.25846842381308066,
        "conv_hiddn_units_mult": 1.3520386624091363,
        "conv_kernel_size": 3.0,
        "conv_pool_res_start_idx": 2.0,
        "epochs": 20.0,
        "fc_dropout_drop_proba": 0.09722711248309558,
        "fc_units_1_mult": 1.368627118878781,
        "first_conv": null,
        "l2_weight_reg_mult": 3.6218747737423143,
        "lr_rate_mult": 1.0339000158421734,
        "nb_conv_pool_layers": 5,
        "one_more_fc": null,
        "optimizer": "Adam",
        "pooling_type": "max",
        "res_conv_kernel_size": 3.0,
        "residual": 1.0,
        "use_BN": false
    },
    "status": "ok"
}