{
    "best_val_accuracy": 0.7602993845939636,
    "best_val_loss": 0.6734677134466566,
    "loss": -0.7602993845939636,
    "model_name": "model_0.76_id_e8dcb",
    "real_loss": 0.673467716648559,
    "space": {
        "activation": "relu",
        "batch_size": 130.0,
        "conv_dropout_drop_proba": 0.014483870799048913,
        "conv_hiddn_units_mult": 1.0082475343891544,
        "conv_kernel_size": 3.0,
        "conv_pool_res_start_idx": 0.0,
        "epochs": 40.0,
        "fc_dropout_drop_proba": 0.3563918953604523,
        "fc_units_1_mult": 0.9308942376212318,
        "first_conv": null,
        "l2_weight_reg_mult": 1.5023719675344291,
        "lr_rate_mult": 1.457626411354152,
        "nb_conv_pool_layers": 2,
        "one_more_fc": 1.3972338620728308,
        "optimizer": "Nadam",
        "pooling_type": "max",
        "res_conv_kernel_size": 3.0,
        "residual": null,
        "use_BN": false
    },
    "status": "ok"
}