{
    "best_val_accuracy": 0.7919651865959167,
    "best_val_loss": 2.0253890388330835,
    "loss": -0.7919651865959167,
    "model_name": "model_0.79_id_d496b",
    "real_loss": 2.0253890266843664,
    "space": {
        "activation": "relu",
        "batch_size": 100.0,
        "conv_dropout_drop_proba": 0.2246693899954183,
        "conv_hiddn_units_mult": 1.1575761659099455,
        "conv_kernel_size": 3.0,
        "conv_pool_res_start_idx": 2.0,
        "epochs": 30.0,
        "fc_dropout_drop_proba": 0.2528203300297061,
        "fc_units_1_mult": 1.722274291662347,
        "first_conv": null,
        "l2_weight_reg_mult": 0.5415051492497805,
        "lr_rate_mult": 1.6423348356061356,
        "nb_conv_pool_layers": 6,
        "one_more_fc": null,
        "optimizer": "Adam",
        "pooling_type": "max",
        "res_conv_kernel_size": 3.0,
        "residual": 2.0,
        "use_BN": false
    },
    "status": "ok"
}