{
    "best_val_accuracy": 0.7655450105667114,
    "best_val_loss": 1.1320659463502922,
    "loss": -0.7655450105667114,
    "model_name": "model_0.77_id_63f64",
    "real_loss": 1.2108200621239993,
    "space": {
        "activation": "relu",
        "batch_size": 80.0,
        "conv_dropout_drop_proba": 0.043797816233238376,
        "conv_hiddn_units_mult": 0.843073643561204,
        "conv_kernel_size": 3.0,
        "conv_pool_res_start_idx": 0.0,
        "epochs": 60.0,
        "fc_dropout_drop_proba": 0.39645670071362127,
        "fc_units_1_mult": 1.2905778643579888,
        "first_conv": null,
        "l2_weight_reg_mult": 0.3596590582034038,
        "lr_rate_mult": 0.6277217321803893,
        "nb_conv_pool_layers": 3,
        "one_more_fc": null,
        "optimizer": "Adam",
        "pooling_type": "max",
        "res_conv_kernel_size": 3.0,
        "residual": 1.0,
        "use_BN": false
    },
    "status": "ok"
}