{
    "best_val_accuracy": 0.6216095089912415,
    "best_val_loss": 1.3482202045567386,
    "loss": -0.6216095089912415,
    "model_name": "model_0.62_id_6d844",
    "real_loss": 1.4719362792435227,
    "space": {
        "activation": "elu",
        "batch_size": 110.0,
        "conv_dropout_drop_proba": 0.3449931404777498,
        "conv_hiddn_units_mult": 0.5902957743135543,
        "conv_kernel_size": 3.0,
        "conv_pool_res_start_idx": 1.0,
        "epochs": 50.0,
        "fc_dropout_drop_proba": 0.31434087805237676,
        "fc_units_1_mult": 0.6493581127320913,
        "first_conv": 4,
        "l2_weight_reg_mult": 0.6052798060407373,
        "lr_rate_mult": 0.9958886553075674,
        "nb_conv_pool_layers": 2,
        "one_more_fc": 0.9735323250561047,
        "optimizer": "Nadam",
        "pooling_type": "max",
        "res_conv_kernel_size": 3.0,
        "residual": null,
        "use_BN": true
    },
    "status": "ok"
}