{
    "best_val_accuracy": 0.7576125860214233,
    "best_val_loss": 1.0343701937967096,
    "loss": -0.7576125860214233,
    "model_name": "model_0.76_id_ea13a",
    "real_loss": 1.03437019428931,
    "space": {
        "activation": "relu",
        "batch_size": 130.0,
        "conv_dropout_drop_proba": 0.18872672201866203,
        "conv_hiddn_units_mult": 0.9839683278165527,
        "conv_kernel_size": 3.0,
        "conv_pool_res_start_idx": 1.0,
        "epochs": 20.0,
        "fc_dropout_drop_proba": 0.29635329389613324,
        "fc_units_1_mult": 0.8806604240923085,
        "first_conv": 6,
        "l2_weight_reg_mult": 2.092740166797139,
        "lr_rate_mult": 1.5300531060867657,
        "nb_conv_pool_layers": 2,
        "one_more_fc": 1.7581395971430651,
        "optimizer": "Adam",
        "pooling_type": "max",
        "res_conv_kernel_size": 3.0,
        "residual": 1.0,
        "use_BN": true
    },
    "status": "ok"
}