{
    "best_val_accuracy": 0.7755245566368103,
    "best_val_loss": 0.7058154393975832,
    "loss": -0.7755245566368103,
    "model_name": "model_0.78_id_348a8",
    "real_loss": 0.7128506243533018,
    "space": {
        "activation": "relu",
        "batch_size": 80.0,
        "conv_dropout_drop_proba": 0.2845859860835906,
        "conv_hiddn_units_mult": 1.460621885907279,
        "conv_kernel_size": 3.0,
        "conv_pool_res_start_idx": 1.0,
        "epochs": 40.0,
        "fc_dropout_drop_proba": 0.23568605033641296,
        "fc_units_1_mult": 0.9893761344366683,
        "first_conv": null,
        "l2_weight_reg_mult": 0.3161269986848947,
        "lr_rate_mult": 0.9638686927532119,
        "nb_conv_pool_layers": 7,
        "one_more_fc": null,
        "optimizer": "RMSprop",
        "pooling_type": "max",
        "res_conv_kernel_size": 3.0,
        "residual": null,
        "use_BN": false
    },
    "status": "ok"
}