{
    "best_val_accuracy": 0.8335465788841248,
    "best_val_loss": 1.2468062636195396,
    "loss": -0.8335465788841248,
    "model_name": "model_0.83_id_59890",
    "real_loss": 1.2468062779124902,
    "space": {
        "activation": "relu",
        "batch_size": 80.0,
        "conv_dropout_drop_proba": 0.31304173224255927,
        "conv_hiddn_units_mult": 1.5660729616531965,
        "conv_kernel_size": 3.0,
        "conv_pool_res_start_idx": 2.0,
        "epochs": 30.0,
        "fc_dropout_drop_proba": 0.11294610746732747,
        "fc_units_1_mult": 1.3350166049825158,
        "first_conv": null,
        "l2_weight_reg_mult": 0.3799432789334348,
        "lr_rate_mult": 1.0504483176264072,
        "nb_conv_pool_layers": 4,
        "one_more_fc": null,
        "optimizer": "Adam",
        "pooling_type": "max",
        "res_conv_kernel_size": 3.0,
        "residual": 2.0,
        "use_BN": false
    },
    "status": "ok"
}