{
    "best_val_accuracy": 0.8357855677604675,
    "best_val_loss": 2.9564754617123206,
    "loss": -0.8357855677604675,
    "model_name": "model_0.84_id_46063",
    "real_loss": 2.958857419836612,
    "space": {
        "activation": "relu",
        "batch_size": 120.0,
        "conv_dropout_drop_proba": 0.15986400304094311,
        "conv_hiddn_units_mult": 1.805836148881927,
        "conv_kernel_size": 3.0,
        "conv_pool_res_start_idx": 2.0,
        "epochs": 60.0,
        "fc_dropout_drop_proba": 0.020579405370640708,
        "fc_units_1_mult": 1.1015682389243229,
        "first_conv": null,
        "l2_weight_reg_mult": 0.31005918775470775,
        "lr_rate_mult": 0.6933870959099118,
        "nb_conv_pool_layers": 7,
        "one_more_fc": null,
        "optimizer": "Adam",
        "pooling_type": "max",
        "res_conv_kernel_size": 3.0,
        "residual": 3.0,
        "use_BN": false
    },
    "status": "ok"
}