{
    "best_val_accuracy": 0.8091734647750854,
    "best_val_loss": 1.2182163130277874,
    "loss": -0.8091734647750854,
    "model_name": "model_0.81_id_2feb6",
    "real_loss": 1.2182163657813236,
    "space": {
        "activation": "elu",
        "batch_size": 90.0,
        "conv_dropout_drop_proba": 0.22842325607704694,
        "conv_hiddn_units_mult": 0.8773926501895696,
        "conv_kernel_size": 3.0,
        "conv_pool_res_start_idx": 1.0,
        "epochs": 40.0,
        "fc_dropout_drop_proba": 0.2254608560631386,
        "fc_units_1_mult": 1.2188464550056888,
        "first_conv": null,
        "l2_weight_reg_mult": 0.4941500637506244,
        "lr_rate_mult": 1.0869718383272633,
        "nb_conv_pool_layers": 3,
        "one_more_fc": null,
        "optimizer": "Adam",
        "pooling_type": "max",
        "res_conv_kernel_size": 3.0,
        "residual": 2.0,
        "use_BN": false
    },
    "status": "ok"
}