{
    "best_val_accuracy": 0.8646366596221924,
    "best_val_loss": 1.7586316014551053,
    "loss": -0.8646366596221924,
    "model_name": "model_0.86_id_68e97",
    "real_loss": 1.7586316090480538,
    "space": {
        "activation": "relu",
        "batch_size": 100.0,
        "conv_dropout_drop_proba": 0.2635991804069716,
        "conv_hiddn_units_mult": 1.5964582360933537,
        "conv_kernel_size": 3.0,
        "conv_pool_res_start_idx": 2.0,
        "epochs": 70.0,
        "fc_dropout_drop_proba": 0.043160355334863065,
        "fc_units_1_mult": 1.746815357138064,
        "first_conv": null,
        "l2_weight_reg_mult": 1.1902966703105513,
        "lr_rate_mult": 0.7251702262877854,
        "nb_conv_pool_layers": 4,
        "one_more_fc": null,
        "optimizer": "Adam",
        "pooling_type": "max",
        "res_conv_kernel_size": 3.0,
        "residual": 1.0,
        "use_BN": false
    },
    "status": "ok"
}