{
    "best_val_accuracy": 0.5027507543563843,
    "best_val_loss": 1.235258077936513,
    "loss": -0.5027507543563843,
    "model_name": "model_0.50_id_66039",
    "real_loss": 1.2352580901767527,
    "space": {
        "activation": "relu",
        "batch_size": 140.0,
        "conv_dropout_drop_proba": 0.1370687681237987,
        "conv_hiddn_units_mult": 1.6759844052702157,
        "conv_kernel_size": 3.0,
        "conv_pool_res_start_idx": 2.0,
        "epochs": 20.0,
        "fc_dropout_drop_proba": 0.1242751597345631,
        "fc_units_1_mult": 0.7830825386809246,
        "first_conv": 3,
        "l2_weight_reg_mult": 0.2763290416935374,
        "lr_rate_mult": 0.7013956451749577,
        "nb_conv_pool_layers": 3,
        "one_more_fc": null,
        "optimizer": "Adam",
        "pooling_type": "max",
        "res_conv_kernel_size": 3.0,
        "residual": null,
        "use_BN": true
    },
    "status": "ok"
}