{
    "best_val_accuracy": 0.7497441172599792,
    "best_val_loss": 4.239227637952688,
    "loss": -0.7497441172599792,
    "model_name": "model_0.75_id_0fc67",
    "real_loss": 4.319776899960576,
    "space": {
        "activation": "relu",
        "batch_size": 160.0,
        "conv_dropout_drop_proba": 0.10746864818192275,
        "conv_hiddn_units_mult": 0.8117994050070597,
        "conv_kernel_size": 3.0,
        "conv_pool_res_start_idx": 2.0,
        "epochs": 60.0,
        "fc_dropout_drop_proba": 0.49412816900341006,
        "fc_units_1_mult": 0.8897242052570485,
        "first_conv": 7,
        "l2_weight_reg_mult": 1.0423073174270452,
        "lr_rate_mult": 0.9017575787079654,
        "nb_conv_pool_layers": 6,
        "one_more_fc": 1.5308599069287803,
        "optimizer": "Nadam",
        "pooling_type": "max",
        "res_conv_kernel_size": 3.0,
        "residual": 4.0,
        "use_BN": true
    },
    "status": "ok"
}