{
    "best_val_accuracy": 0.8453173041343689,
    "best_val_loss": 2.2684253794806346,
    "loss": -0.8453173041343689,
    "model_name": "model_0.85_id_905a2",
    "real_loss": 2.268425462805495,
    "space": {
        "activation": "elu",
        "batch_size": 80.0,
        "conv_dropout_drop_proba": 0.25093163889599635,
        "conv_hiddn_units_mult": 1.4075586925615142,
        "conv_kernel_size": 3.0,
        "conv_pool_res_start_idx": 2.0,
        "epochs": 40.0,
        "fc_dropout_drop_proba": 0.21589920522140962,
        "fc_units_1_mult": 1.8007661086151323,
        "first_conv": null,
        "l2_weight_reg_mult": 0.4846915158030417,
        "lr_rate_mult": 1.158066406355417,
        "nb_conv_pool_layers": 5,
        "one_more_fc": null,
        "optimizer": "Adam",
        "pooling_type": "max",
        "res_conv_kernel_size": 3.0,
        "residual": 1.0,
        "use_BN": false
    },
    "status": "ok"
}
