{
    "best_val_accuracy": 0.7468653917312622,
    "best_val_loss": 1.1724775255411521,
    "loss": -0.7468653917312622,
    "model_name": "model_0.75_id_77e4c",
    "real_loss": 1.287011383251212,
    "space": {
        "activation": "relu",
        "batch_size": 90.0,
        "conv_dropout_drop_proba": 0.32185457442397203,
        "conv_hiddn_units_mult": 0.718370182603816,
        "conv_kernel_size": 3.0,
        "conv_pool_res_start_idx": 2.0,
        "epochs": 50.0,
        "fc_dropout_drop_proba": 0.1666288103327334,
        "fc_units_1_mult": 0.7132360470992708,
        "first_conv": null,
        "l2_weight_reg_mult": 0.39126296540219235,
        "lr_rate_mult": 1.1555783852601784,
        "nb_conv_pool_layers": 5,
        "one_more_fc": null,
        "optimizer": "Adam",
        "pooling_type": "max",
        "res_conv_kernel_size": 3.0,
        "residual": 2.0,
        "use_BN": false
    },
    "status": "ok"
}