{
    "best_val_accuracy": 0.8283008933067322,
    "best_val_loss": 2.085494541818169,
    "loss": -0.8283008933067322,
    "model_name": "model_0.83_id_8bfb2",
    "real_loss": 2.1038801161346923,
    "space": {
        "activation": "relu",
        "batch_size": 100.0,
        "conv_dropout_drop_proba": 0.0901849903764633,
        "conv_hiddn_units_mult": 1.6586192965229223,
        "conv_kernel_size": 3.0,
        "conv_pool_res_start_idx": 1.0,
        "epochs": 70.0,
        "fc_dropout_drop_proba": 0.115875919469971,
        "fc_units_1_mult": 1.0152539587847362,
        "first_conv": null,
        "l2_weight_reg_mult": 1.743656142687945,
        "lr_rate_mult": 0.7491474038254303,
        "nb_conv_pool_layers": 4,
        "one_more_fc": 0.8269470931905901,
        "optimizer": "Nadam",
        "pooling_type": "max",
        "res_conv_kernel_size": 3.0,
        "residual": null,
        "use_BN": true
    },
    "status": "ok"
}