{
    "best_val_accuracy": 0.41370266675949097,
    "best_val_loss": 1.1236610100382851,
    "loss": -0.41370266675949097,
    "model_name": "model_0.41_id_58fab",
    "real_loss": 1.1236610134442648,
    "space": {
        "activation": "relu",
        "batch_size": 150.0,
        "conv_dropout_drop_proba": 0.19315984611341686,
        "conv_hiddn_units_mult": 0.610575431613516,
        "conv_kernel_size": 3.0,
        "conv_pool_res_start_idx": 1.0,
        "epochs": 30.0,
        "fc_dropout_drop_proba": 0.06680115980919339,
        "fc_units_1_mult": 0.6104123478794113,
        "first_conv": 4,
        "l2_weight_reg_mult": 0.6808756961382687,
        "lr_rate_mult": 0.9253977411457242,
        "nb_conv_pool_layers": 2,
        "one_more_fc": 1.3634926227003323,
        "optimizer": "RMSprop",
        "pooling_type": "max",
        "res_conv_kernel_size": 3.0,
        "residual": null,
        "use_BN": false
    },
    "status": "ok"
}