{
    "best_val_accuracy": 0.8425025343894958,
    "best_val_loss": 1.7556333547952223,
    "loss": -0.8425025343894958,
    "model_name": "model_0.84_id_bbbc1",
    "real_loss": 1.7556333639183823,
    "space": {
        "activation": "elu",
        "batch_size": 80.0,
        "conv_dropout_drop_proba": 0.285730244142309,
        "conv_hiddn_units_mult": 1.4783533319450703,
        "conv_kernel_size": 3.0,
        "conv_pool_res_start_idx": 2.0,
        "epochs": 40.0,
        "fc_dropout_drop_proba": 0.195328040446396,
        "fc_units_1_mult": 1.7674816981707182,
        "first_conv": null,
        "l2_weight_reg_mult": 0.30613188165377353,
        "lr_rate_mult": 1.1173671377201662,
        "nb_conv_pool_layers": 5,
        "one_more_fc": null,
        "optimizer": "Adam",
        "pooling_type": "max",
        "res_conv_kernel_size": 3.0,
        "residual": 1.0,
        "use_BN": false
    },
    "status": "ok"
}