{
    "best_val_accuracy": 0.9281080961227417,
    "best_val_loss": 0.42122439170205916,
    "loss": -0.9281080961227417,
    "model_name": "model_0.93_id_bd1d7",
    "real_loss": 0.4217529801098076,
    "space": {
        "activation": "relu",
        "arch_type": "vgg",
        "batch_size": 100.0,
        "conv_dropout_drop_proba": 0.1615810220108629,
        "conv_hiddn_units_mult": 1.4911748669996518,
        "conv_kernel_size": 3.0,
        "conv_pool_res_start_idx": 0.0,
        "epochs": 50.0,
        "fc_dropout_drop_proba": 0.28507295110978265,
        "fc_layer": 0.9225270134269915,
        "l2_weight_reg_mult": 0.3474910083987694,
        "lr_rate_mult": 1.4445848234824856,
        "lstm_dropout_drop_proba": 0.10833450837092742,
        "lstm_layer": null,
        "nb_conv_pool_layers": 2.0,
        "no_stack_vgg": 3,
        "one_more_fc_layer": true,
        "one_more_lstm_layer": false,
        "optimizer": "Adam",
        "pool_size": 2,
        "res_conv_kernel_size": 3.0,
        "residual": 2.0,
        "use_BN": true
    },
    "status": "ok"
}