{
    "best_val_accuracy": 0.8018398284912109,
    "best_val_loss": 0.6127183472181296,
    "loss": -0.8018398284912109,
    "model_name": "model_0.80_id_ad04b",
    "real_loss": 0.6127183434767124,
    "space": {
        "activation": "relu",
        "arch_type": "vgg",
        "batch_size": 80.0,
        "conv_dropout_drop_proba": 0.30313598090389676,
        "conv_hiddn_units_mult": 0.6012898728034751,
        "conv_kernel_size": 3.0,
        "conv_pool_res_start_idx": 1.0,
        "epochs": 30.0,
        "fc_dropout_drop_proba": 0.13613126085094632,
        "fc_layer": 0.6758697932180134,
        "l2_weight_reg_mult": 3.4513961015405736,
        "lr_rate_mult": 0.7840480236823936,
        "lstm_dropout_drop_proba": 0.3931477830730298,
        "lstm_layer": null,
        "nb_conv_pool_layers": 3.0,
        "no_stack_vgg": 2,
        "one_more_fc_layer": true,
        "one_more_lstm_layer": true,
        "optimizer": "Adam",
        "pool_size": 4,
        "res_conv_kernel_size": 3.0,
        "residual": null,
        "use_BN": true
    },
    "status": "ok"
}