{
    "best_val_accuracy": 0.6880411505699158,
    "best_val_loss": 0.7724735064036918,
    "loss": -0.6880411505699158,
    "model_name": "model_0.69_id_31529",
    "real_loss": 0.7729745028596936,
    "space": {
        "activation": "relu",
        "arch_type": "vgg",
        "batch_size": 140.0,
        "conv_dropout_drop_proba": 0.002058133045514543,
        "conv_hiddn_units_mult": 1.4676868595438293,
        "conv_kernel_size": 3.0,
        "conv_pool_res_start_idx": 1.0,
        "epochs": 10.0,
        "fc_dropout_drop_proba": 0.1845866453864447,
        "fc_layer": 1.4363253391460955,
        "l2_weight_reg_mult": 0.4239576960800582,
        "lr_rate_mult": 0.6811118025775394,
        "lstm_dropout_drop_proba": 0.38629414524748085,
        "lstm_layer": 0.6710137532964023,
        "nb_conv_pool_layers": 3.0,
        "no_stack_vgg": 4,
        "one_more_fc_layer": false,
        "one_more_lstm_layer": true,
        "optimizer": "RMSprop",
        "pool_size": 4,
        "res_conv_kernel_size": 3.0,
        "residual": null,
        "use_BN": false
    },
    "status": "ok"
}