{
    "best_val_accuracy": 0.34063851833343506,
    "best_val_loss": 1.0983713666598003,
    "loss": -0.34063851833343506,
    "model_name": "model_0.34_id_40c2d",
    "real_loss": 1.09838358651508,
    "space": {
        "activation": "relu",
        "arch_type": "vgg",
        "batch_size": 140.0,
        "conv_dropout_drop_proba": 0.20288685536836418,
        "conv_hiddn_units_mult": 0.7514129578737819,
        "conv_kernel_size": 3.0,
        "conv_pool_res_start_idx": 1.0,
        "epochs": 20.0,
        "fc_dropout_drop_proba": 0.07867044466761446,
        "fc_layer": 1.0905937096991911,
        "l2_weight_reg_mult": 0.2865109445285358,
        "lr_rate_mult": 0.8829345432498364,
        "lstm_dropout_drop_proba": 0.14328783208717966,
        "lstm_layer": 1.251298428627694,
        "nb_conv_pool_layers": 5.0,
        "no_stack_vgg": 4,
        "one_more_fc_layer": false,
        "one_more_lstm_layer": true,
        "optimizer": "Nadam",
        "pool_size": 2,
        "res_conv_kernel_size": 3.0,
        "residual": 4.0,
        "use_BN": false
    },
    "status": "ok"
}