{
    "best_val_accuracy": 0.9339653253555298,
    "best_val_loss": 0.3288723047770245,
    "loss": -0.9339653253555298,
    "model_name": "model_0.93_id_2b165",
    "real_loss": 0.3288744733157292,
    "space": {
        "activation": "relu",
        "arch_type": "vgg",
        "batch_size": 130.0,
        "conv_dropout_drop_proba": 0.03018296297518261,
        "conv_hiddn_units_mult": 1.2451012178240601,
        "conv_kernel_size": 3.0,
        "conv_pool_res_start_idx": 0.0,
        "epochs": 40.0,
        "fc_dropout_drop_proba": 0.19890038811927907,
        "fc_layer": 1.1087067148732976,
        "l2_weight_reg_mult": 1.6054606062672159,
        "lr_rate_mult": 1.3631222683461075,
        "lstm_dropout_drop_proba": 0.34373706280283167,
        "lstm_layer": null,
        "nb_conv_pool_layers": 2.0,
        "no_stack_vgg": 3,
        "one_more_fc_layer": false,
        "one_more_lstm_layer": false,
        "optimizer": "Nadam",
        "pool_size": 2,
        "res_conv_kernel_size": 3.0,
        "residual": 2.0,
        "use_BN": true
    },
    "status": "ok"
}