{
    "best_val_accuracy": 0.9266124367713928,
    "best_val_loss": 0.4177971845719872,
    "loss": -0.9266124367713928,
    "model_name": "model_0.93_id_a063b",
    "real_loss": 0.41857536658038935,
    "space": {
        "activation": "relu",
        "arch_type": "vgg",
        "batch_size": 150.0,
        "conv_dropout_drop_proba": 0.11277800027484082,
        "conv_hiddn_units_mult": 1.351467303876947,
        "conv_kernel_size": 3.0,
        "conv_pool_res_start_idx": 0.0,
        "epochs": 60.0,
        "fc_dropout_drop_proba": 0.030001330501833928,
        "fc_layer": 1.6082672844937052,
        "l2_weight_reg_mult": 1.2133559777326188,
        "lr_rate_mult": 1.1908255458052783,
        "lstm_dropout_drop_proba": 0.280908457691778,
        "lstm_layer": null,
        "nb_conv_pool_layers": 3.0,
        "no_stack_vgg": 3,
        "one_more_fc_layer": true,
        "one_more_lstm_layer": false,
        "optimizer": "Nadam",
        "pool_size": 2,
        "res_conv_kernel_size": 3.0,
        "residual": 3.0,
        "use_BN": true
    },
    "status": "ok"
}