{
    "best_val_accuracy": 0.9126829504966736,
    "best_val_loss": 0.41324771475501176,
    "loss": -0.9126829504966736,
    "model_name": "model_0.91_id_94d38",
    "real_loss": 0.4134894281625748,
    "space": {
        "activation": "relu",
        "arch_type": "vgg",
        "batch_size": 90.0,
        "conv_dropout_drop_proba": 0.103173631596106,
        "conv_hiddn_units_mult": 0.8499879979191276,
        "conv_kernel_size": 3.0,
        "conv_pool_res_start_idx": 0.0,
        "epochs": 60.0,
        "fc_dropout_drop_proba": 0.38988288049776326,
        "fc_layer": 0.6888742438485081,
        "l2_weight_reg_mult": 0.5578051427355573,
        "lr_rate_mult": 1.0501468847684956,
        "lstm_dropout_drop_proba": 0.04590857562927188,
        "lstm_layer": null,
        "nb_conv_pool_layers": 2.0,
        "no_stack_vgg": 3,
        "one_more_fc_layer": true,
        "one_more_lstm_layer": false,
        "optimizer": "RMSprop",
        "pool_size": 2,
        "res_conv_kernel_size": 3.0,
        "residual": 1.0,
        "use_BN": true
    },
    "status": "ok"
}