{
    "best_val_accuracy": 0.7393824458122253,
    "best_val_loss": 0.7506471372825999,
    "loss": -0.7393824458122253,
    "model_name": "model_0.74_id_a3db1",
    "real_loss": 0.750647141899861,
    "space": {
        "activation": "relu",
        "arch_type": "vgg",
        "batch_size": 130.0,
        "conv_dropout_drop_proba": 0.0049261133663365195,
        "conv_hiddn_units_mult": 1.2359778218304036,
        "conv_kernel_size": 3.0,
        "conv_pool_res_start_idx": 2.0,
        "epochs": 20.0,
        "fc_dropout_drop_proba": 0.12113487867039842,
        "fc_layer": 1.060874317585747,
        "l2_weight_reg_mult": 1.6201927059555812,
        "lr_rate_mult": 1.5257008881776681,
        "lstm_dropout_drop_proba": 0.3027200641027481,
        "lstm_layer": null,
        "nb_conv_pool_layers": 3.0,
        "no_stack_vgg": 3,
        "one_more_fc_layer": false,
        "one_more_lstm_layer": true,
        "optimizer": "Nadam",
        "pool_size": 4,
        "res_conv_kernel_size": 3.0,
        "residual": null,
        "use_BN": false
    },
    "status": "ok"
}