{
    "best_val_accuracy": 0.8276216387748718,
    "best_val_loss": 0.5664549262137026,
    "loss": -0.8276216387748718,
    "model_name": "model_0.83_id_0790f",
    "real_loss": 0.6006398371748022,
    "space": {
        "activation": "relu",
        "arch_type": "vgg",
        "batch_size": 100.0,
        "conv_dropout_drop_proba": 0.3065050310872998,
        "conv_hiddn_units_mult": 1.1255039835695078,
        "conv_kernel_size": 3.0,
        "conv_pool_res_start_idx": 1.0,
        "epochs": 50.0,
        "fc_dropout_drop_proba": 0.027703947733920643,
        "fc_layer": null,
        "l2_weight_reg_mult": 0.7403520117724862,
        "lr_rate_mult": 0.9233475477531251,
        "lstm_dropout_drop_proba": 0.48360036748682067,
        "lstm_layer": null,
        "nb_conv_pool_layers": 2.0,
        "no_stack_vgg": 4,
        "one_more_fc_layer": false,
        "one_more_lstm_layer": false,
        "optimizer": "Nadam",
        "pool_size": 4,
        "res_conv_kernel_size": 3.0,
        "residual": 3.0,
        "use_BN": false
    },
    "status": "ok"
}