{
    "best_val_accuracy": 0.8368563652038574,
    "best_val_loss": 0.5967888473010645,
    "loss": -0.8368563652038574,
    "model_name": "model_0.84_id_0bc92",
    "real_loss": 0.6007227574906698,
    "space": {
        "activation": "relu",
        "arch_type": "vgg",
        "batch_size": 90.0,
        "conv_dropout_drop_proba": 0.07328671148558397,
        "conv_hiddn_units_mult": 1.1162840947542605,
        "conv_kernel_size": 3.0,
        "conv_pool_res_start_idx": 0.0,
        "epochs": 50.0,
        "fc_dropout_drop_proba": 0.5306590132859892,
        "fc_layer": 0.8394193961219227,
        "l2_weight_reg_mult": 0.6313389263559561,
        "lr_rate_mult": 1.3947659849492904,
        "lstm_dropout_drop_proba": 0.07180984182365806,
        "lstm_layer": null,
        "nb_conv_pool_layers": 2.0,
        "no_stack_vgg": 3,
        "one_more_fc_layer": true,
        "one_more_lstm_layer": false,
        "optimizer": "Adam",
        "pool_size": 2,
        "res_conv_kernel_size": 3.0,
        "residual": 2.0,
        "use_BN": true
    },
    "status": "ok"
}