{
    "best_val_accuracy": 0.7569805383682251,
    "best_val_loss": 0.7476705351433197,
    "loss": -0.7569805383682251,
    "model_name": "model_0.76_id_3eb88",
    "real_loss": 0.7681353378605533,
    "space": {
        "activation": "relu",
        "arch_type": "vgg",
        "batch_size": 120.0,
        "conv_dropout_drop_proba": 0.0038086408214515824,
        "conv_hiddn_units_mult": 1.1907958814552977,
        "conv_kernel_size": 3.0,
        "conv_pool_res_start_idx": 0.0,
        "epochs": 10.0,
        "fc_dropout_drop_proba": 0.2305613950284624,
        "fc_layer": 1.1312451726726553,
        "l2_weight_reg_mult": 1.225302468126464,
        "lr_rate_mult": 1.4907174708392392,
        "lstm_dropout_drop_proba": 0.38007970569027283,
        "lstm_layer": null,
        "nb_conv_pool_layers": 3.0,
        "no_stack_vgg": 3,
        "one_more_fc_layer": false,
        "one_more_lstm_layer": false,
        "optimizer": "Nadam",
        "pool_size": 4,
        "res_conv_kernel_size": 3.0,
        "residual": 2.0,
        "use_BN": true
    },
    "status": "ok"
}