{
    "best_val_accuracy": 0.9125000238418579,
    "best_val_loss": 0.45037477569920675,
    "loss": -0.9125000238418579,
    "model_name": "model_0.91_id_c1f69",
    "real_loss": 0.47395172270087454,
    "space": {
        "activation": "relu",
        "arch_type": "vgg",
        "batch_size": 120.0,
        "conv_dropout_drop_proba": 0.16054208781625928,
        "conv_hiddn_units_mult": 1.805762531165691,
        "conv_kernel_size": 3.0,
        "conv_pool_res_start_idx": 1.0,
        "epochs": 40.0,
        "fc_dropout_drop_proba": 0.4443492142605322,
        "fc_layer": 1.0257692473900288,
        "l2_weight_reg_mult": 0.4586650655078248,
        "lr_rate_mult": 0.6593372774750011,
        "lstm_dropout_drop_proba": 0.018661605063759967,
        "lstm_layer": null,
        "nb_conv_pool_layers": 2.0,
        "no_stack_vgg": 3,
        "one_more_fc_layer": true,
        "one_more_lstm_layer": false,
        "optimizer": "RMSprop",
        "pool_size": 2,
        "res_conv_kernel_size": 3.0,
        "residual": null,
        "use_BN": false
    },
    "status": "ok"
}