{
    "best_val_accuracy": 0.3408549726009369,
    "best_val_loss": 1.098369329006641,
    "loss": -0.3408549726009369,
    "model_name": "model_0.34_id_60c11",
    "real_loss": 1.0983731220294903,
    "space": {
        "activation": "relu",
        "arch_type": "vgg",
        "batch_size": 120.0,
        "conv_dropout_drop_proba": 0.34614843098998427,
        "conv_hiddn_units_mult": 1.3750883307841069,
        "conv_kernel_size": 3.0,
        "conv_pool_res_start_idx": 2.0,
        "epochs": 50.0,
        "fc_dropout_drop_proba": 0.42102811360859066,
        "fc_layer": null,
        "l2_weight_reg_mult": 1.3161578523053066,
        "lr_rate_mult": 1.1307209054244418,
        "lstm_dropout_drop_proba": 0.48955882645711957,
        "lstm_layer": null,
        "nb_conv_pool_layers": 4.0,
        "no_stack_vgg": 4,
        "one_more_fc_layer": true,
        "one_more_lstm_layer": false,
        "optimizer": "RMSprop",
        "pool_size": 2,
        "res_conv_kernel_size": 3.0,
        "residual": 2.0,
        "use_BN": false
    },
    "status": "ok"
}