{
    "best_val_accuracy": 0.9417117834091187,
    "best_val_loss": 0.3769613359595688,
    "loss": -0.9417117834091187,
    "model_name": "model_0.94_id_0c8ec",
    "real_loss": 0.37696133784844843,
    "space": {
        "activation": "relu",
        "arch_type": "vgg",
        "batch_size": 130.0,
        "conv_dropout_drop_proba": 0.044656920708922604,
        "conv_hiddn_units_mult": 0.9768051147997217,
        "conv_kernel_size": 3.0,
        "conv_pool_res_start_idx": 1.0,
        "epochs": 30.0,
        "fc_dropout_drop_proba": 0.19534953878776515,
        "fc_layer": 1.6693874444897583,
        "l2_weight_reg_mult": 1.1567263222035713,
        "lr_rate_mult": 1.086706267867862,
        "lstm_dropout_drop_proba": 0.3770143910925113,
        "lstm_layer": null,
        "nb_conv_pool_layers": 3.0,
        "no_stack_vgg": 2,
        "one_more_fc_layer": false,
        "one_more_lstm_layer": false,
        "optimizer": "Nadam",
        "pool_size": 2,
        "res_conv_kernel_size": 3.0,
        "residual": 2.0,
        "use_BN": true
    },
    "status": "ok"
}