{
    "best_val_accuracy": 0.8810869455337524,
    "best_val_loss": 0.5946865172489829,
    "loss": -0.8810869455337524,
    "model_name": "model_0.88_id_a53f9",
    "real_loss": 0.6383628223253333,
    "space": {
        "activation": "relu",
        "arch_type": "vgg",
        "batch_size": 160.0,
        "conv_dropout_drop_proba": 0.22227261845485186,
        "conv_hiddn_units_mult": 0.9299114966696584,
        "conv_kernel_size": 3.0,
        "conv_pool_res_start_idx": 2.0,
        "epochs": 60.0,
        "fc_dropout_drop_proba": 0.01969383910128869,
        "fc_layer": 1.3060483711231112,
        "l2_weight_reg_mult": 0.9526592558559518,
        "lr_rate_mult": 1.099824753014419,
        "lstm_dropout_drop_proba": 0.4407055193581333,
        "lstm_layer": 2.3071637485359866,
        "nb_conv_pool_layers": 3.0,
        "no_stack_vgg": 2,
        "one_more_fc_layer": true,
        "one_more_lstm_layer": false,
        "optimizer": "Adam",
        "pool_size": 2,
        "res_conv_kernel_size": 3.0,
        "residual": 2.0,
        "use_BN": false
    },
    "status": "ok"
}