{
    "best_val_accuracy": 0.6495108604431152,
    "best_val_loss": 0.8849637601686561,
    "loss": -0.6495108604431152,
    "model_name": "model_0.65_id_b7ecf",
    "real_loss": 1.0498255133628844,
    "space": {
        "activation": "relu",
        "arch_type": "vgg",
        "batch_size": 160.0,
        "conv_dropout_drop_proba": 0.058269783786728424,
        "conv_hiddn_units_mult": 1.6642422147669718,
        "conv_kernel_size": 3.0,
        "conv_pool_res_start_idx": 2.0,
        "epochs": 10.0,
        "fc_dropout_drop_proba": 0.10931920215006104,
        "fc_layer": 1.4886570134313903,
        "l2_weight_reg_mult": 0.7913152183258938,
        "lr_rate_mult": 1.295140956376162,
        "lstm_dropout_drop_proba": 0.40490501725259337,
        "lstm_layer": 2.642026860416561,
        "nb_conv_pool_layers": 5.0,
        "no_stack_vgg": 3,
        "one_more_fc_layer": false,
        "one_more_lstm_layer": false,
        "optimizer": "Adam",
        "pool_size": 2,
        "res_conv_kernel_size": 3.0,
        "residual": 2.0,
        "use_BN": true
    },
    "status": "ok"
}