{
    "best_val_accuracy": 0.9188618063926697,
    "best_val_loss": 0.40175230488544555,
    "loss": -0.9188618063926697,
    "model_name": "model_0.92_id_6a6bd",
    "real_loss": 0.4053188113904581,
    "space": {
        "activation": "relu",
        "arch_type": "vgg",
        "batch_size": 90.0,
        "conv_dropout_drop_proba": 0.09602105497903077,
        "conv_hiddn_units_mult": 1.8032734036607483,
        "conv_kernel_size": 3.0,
        "conv_pool_res_start_idx": 0.0,
        "epochs": 60.0,
        "fc_dropout_drop_proba": 0.3671022008952218,
        "fc_layer": 0.8604550925659034,
        "l2_weight_reg_mult": 0.5631992404091035,
        "lr_rate_mult": 0.9963128775945165,
        "lstm_dropout_drop_proba": 0.057963016374840276,
        "lstm_layer": null,
        "nb_conv_pool_layers": 2.0,
        "no_stack_vgg": 3,
        "one_more_fc_layer": true,
        "one_more_lstm_layer": false,
        "optimizer": "RMSprop",
        "pool_size": 2,
        "res_conv_kernel_size": 3.0,
        "residual": 1.0,
        "use_BN": true
    },
    "status": "ok"
}