{
    "best_val_accuracy": 0.9256910681724548,
    "best_val_loss": 0.40711007997757054,
    "loss": -0.9256910681724548,
    "model_name": "model_0.93_id_7c5a0",
    "real_loss": 0.4200350142833663,
    "space": {
        "activation": "relu",
        "arch_type": "vgg",
        "batch_size": 90.0,
        "conv_dropout_drop_proba": 0.13289557427204576,
        "conv_hiddn_units_mult": 1.1424349012326211,
        "conv_kernel_size": 3.0,
        "conv_pool_res_start_idx": 0.0,
        "epochs": 60.0,
        "fc_dropout_drop_proba": 0.3279633359299191,
        "fc_layer": 0.8085732841259256,
        "l2_weight_reg_mult": 0.4263874228138197,
        "lr_rate_mult": 1.0463653174915117,
        "lstm_dropout_drop_proba": 0.0021009844475410704,
        "lstm_layer": null,
        "nb_conv_pool_layers": 2.0,
        "no_stack_vgg": 3,
        "one_more_fc_layer": true,
        "one_more_lstm_layer": false,
        "optimizer": "Adam",
        "pool_size": 2,
        "res_conv_kernel_size": 3.0,
        "residual": 1.0,
        "use_BN": true
    },
    "status": "ok"
}